ACG2021-2183-1035,ACG2021-2183-1135
ACG2021-2183-1036,ACG2021-2183-1136
ACG2021L-2183-1009,ACG2021L-2183-1010
ACG2021L-2183-1009,ACG2021L-2183-1141
ACG2071-2183-1082,ACG2071-2183-1137
ARH1000-2183-10423,ARH1000-2183-10424
ARH1000-2183-10423,ARH1000-2183-10425
BSC1005-2183-1913,BSC1005-2183-1914
BSC2085-2183-2035,BSC2085-2183-2036
BSC2085-2183-2037,BSC2085-2183-2160
BSC2085-2183-2038,BSC2085-2183-2161
BSC2085L-2183-1776,BSC2085L-2183-1777
BSC2086L-2183-1847,BSC2086L-2183-1848
BSC2086L-2183-1847,BSC2086L-2183-1850
CGS1060C-2183-3090,CGS1060C-2183-3091
CGS1060C-2183-3093,CGS1060C-2183-3110
CGS1060C-2183-3094,CGS1060C-2183-3111
CGS1060C-2183-3095,CGS1060C-2183-3324
CLP2140-2183-8938,CLP2140-2183-9233
DEP2000-2183-9089,DEP2000-2183-9094
ECO2013-2183-3843,ECO2013-2183-3844
ECO2013-2183-3843,ECO2013-2183-3845
ECO2023-2183-3773,ECO2023-2183-3774
ECO2023-2183-3775,ECO2023-2183-3777
EDF2085-2183-3910,EDF2085-2183-3911
EME2040-2183-3946,EME2040-2183-3947
ENC1101-2183-4371,ENC1101-2183-4375
ENC1101-2183-4374,ENC1101-2183-4378
ENC1101-2183-4376,ENC1101-2183-4379
ENC1101-2183-4376,ENC1101-2183-4797
ENC1102-2183-4660,ENC1102-2183-4669
ENC1102-2183-4665,ENC1102-2183-4674
ENC1102-2183-4665,ENC1102-2183-4683
ENC1102-2183-4666,ENC1102-2183-4675
ENC1102-2183-4667,ENC1102-2183-4677
ENC1102-2183-4670,ENC1102-2183-4680
ENC1102-2183-4684,ENC1102-2183-10602
ENC1102-2183-4685,ENC1102-2183-10603
EVR1001-2183-10438,EVR1001-2183-10440
EVR1001-2183-10438,EVR1001-2183-10442
EVR1001-2183-10439,EVR1001-2183-10441
GEB1011-2183-2409,GEB1011-2183-2410
HIM2472-2183-5875,HIM2472-2183-5876
HSC0003-2183-5957,HSC0003-2183-5966
HUM1020-2183-6160,HUM1020-2183-6161
HUM1020-2183-6160,HUM1020-2183-6163
HUM1020-2183-6164,HUM1020-2183-10607
HUM1020-2183-6165,HUM1020-2183-6168
HUM1020-2183-6167,HUM1020-2183-6264
HUN1201-2183-7617,HUN1201-2183-7618
HUN1201-2183-7617,HUN1201-2183-7621
ISS1120-2183-9355,ISS1120-2183-9356
ISS1120-2183-9355,ISS1120-2183-9357
LIS2004-2183-6375,LIS2004-2183-6376
LIT2480-2183-4235,LIT2480-2183-4807
MAC1114-2183-6501,MAC1114-2183-6502
MAN2021-2183-2302,MAN2021-2183-2303
MAN2021-2183-2302,MAN2021-2183-2303
MAN3301-2183-10404,MAN3301-2183-10636
MCB2010-2183-2135,MCB2010-2183-2136
MGF1106-2183-6652,MGF1106-2183-17261
MGF1107-2183-6476,MGF1107-2183-6477
MGF1107-2183-6476,MGF1107-2183-6480
MUL1010-2183-6220,MUL1010-2183-6221
NUR3045-2183-7745,NUR3045-2183-7746
NUR3069-2183-7747,NUR3069-2183-7748
NUR3178-2183-7668,NUR3178-2183-7669
NUR3805-2183-7675,NUR3805-2183-7676
NUR3846-2183-7664,NUR3846-2183-7665
NUR4667-2183-7671,NUR4667-2183-7672
OCE1001-2183-5007,OCE1001-2183-5013
PHI2010-2183-8261,PHI2010-2183-8262
PHI2010-2183-8261,PHI2010-2183-8262
PHI2604-2183-8345,PHI2604-2183-8346
PHI2604-2183-8347,PHI2604-2183-8348
PHY1025-2183-8491,PHY1025-2183-8492
PSC1121-2183-8520,PSC1121-2183-8521
PSC1515-2183-8562,PSC1515-2183-8568
PUR2003-2183-7149,PUR2003-2183-7150
REL2300-2183-8219,REL2300-2183-8388
SLS1106-2183-10452,SLS1106-2183-10453
SLS1106-2183-10452,SLS1106-2183-10453
SLS1106-2183-10454,SLS1106-2183-10458
SPC1017-2183-9751,SPC1017-2183-9752
SPC1017-2183-9751,SPC1017-2183-9753
SPC1017-2183-9754,SPC1017-2183-9758
SPC1017-2183-9754,SPC1017-2183-9765
SPC1017-2183-9755,SPC1017-2183-9759
SPC1017-2183-9755,SPC1017-2183-9759
SPC1017-2183-9756,SPC1017-2183-9760
SPC1017-2183-9756,SPC1017-2183-9766
SPC1017-2183-9761,SPC1017-2183-9767
SPC1017-2183-9762,SPC1017-2183-9768
SPC1017-2183-9762,SPC1017-2183-9769
SPN1121-2183-10460,SPN1121-2183-10461
STA2023-2183-6551,STA2023-2183-6552
STA2023-2183-6553,STA2023-2183-6561
STA2023-2183-6554,STA2023-2183-6562
STA2023-2183-6557,STA2023-2183-6555
SYG2000-2183-9426,SYG2000-2183-9430
SYG2000-2183-9427,SYG2000-2183-9431
SYG2000-2183-9427,SYG2000-2183-9434
WOH2012-2183-5946,WOH2012-2183-5948
WOH2012-2183-5946,WOH2012-2183-5948
